{"loss":{"0":0.0998047143},"dice_coef":{"0":0.5687272549},"jacard":{"0":0.3978841603},"accuracy":{"0":0.974475503}}