,loss,dice_coef,jacard,accuracy
0,0.09980471432209015,0.5687272548675537,0.39788416028022766,0.9744755029678345
