{"loss": [2.2605907917022705, 0.9897497296333313, 0.7321699857711792, 0.6499155163764954, 0.6220203638076782], "accuracy": [0.5285087823867798, 0.597953200340271, 0.640350878238678, 0.6619151830673218, 0.6845760345458984], "val_loss": [0.6640151143074036, 0.6394169330596924, 0.631001889705658, 0.6079539060592651, 0.598273515701294], "val_accuracy": [0.6689285635948181, 0.7496428489685059, 0.7810714244842529, 0.7314285635948181, 0.7578571438789368]}