{"loss":{"0":0.9752520919,"1":0.9716858268,"2":0.9694902301,"3":0.9670711756,"4":0.9645463228,"5":0.9623238444,"6":0.9604905844,"7":0.958840549,"8":0.9576286674,"9":0.9566590786},"dice_coef":{"0":0.0247457325,"1":0.0283136759,"2":0.0305082481,"3":0.0329247862,"4":0.0354501344,"5":0.0376747251,"6":0.0395084731,"7":0.0411559939,"8":0.0423671305,"9":0.0433371477},"recall_2":{"0":0.6464311481,"1":0.7093877792,"2":0.7327540517,"3":0.7569876909,"4":0.7825687528,"5":0.8036229014,"6":0.8182331324,"7":0.8364413977,"8":0.8480205536,"9":0.8553161025},"precision_2":{"0":0.0335356034,"1":0.0454437733,"2":0.0556327589,"3":0.0700279474,"4":0.089064382,"5":0.108313255,"6":0.1231705993,"7":0.1372870058,"8":0.1543179154,"9":0.1701612771},"jacard":{"0":0.0125785572,"1":0.0144253001,"2":0.0155676333,"3":0.0168282483,"4":0.0181473978,"5":0.0193117913,"6":0.0202738661,"7":0.0211392995,"8":0.0217787232,"9":0.0222911276},"accuracy":{"0":0.6001437902,"1":0.6760988832,"2":0.7262561917,"3":0.7748516202,"4":0.8165898323,"5":0.8448665142,"6":0.8609766364,"7":0.8725584745,"8":0.884963572,"9":0.8946618438},"val_loss":{"0":0.9738765955,"1":0.9724816084,"2":0.9722438455,"3":0.9724491239,"4":0.9728454351,"5":0.9730784297,"6":0.9728156924,"7":0.9728645682,"8":0.9739966393,"9":0.9746391773},"val_dice_coef":{"0":0.0261160173,"1":0.027510887,"2":0.0277476385,"3":0.0275417864,"4":0.0271440744,"5":0.0269108359,"6":0.0271728411,"7":0.0271231644,"8":0.0259928629,"9":0.0253508817},"val_recall_2":{"0":0.5431877971,"1":0.5866452456,"2":0.5768167973,"3":0.4994290471,"4":0.4443760812,"5":0.3894603252,"6":0.3858492672,"7":0.4008620381,"8":0.3091894686,"9":0.2680153847},"val_precision_2":{"0":0.0449702851,"1":0.0512755178,"2":0.0548069961,"3":0.0636365265,"4":0.0689181015,"5":0.0774421468,"6":0.0807024837,"7":0.0749520138,"8":0.0886802003,"9":0.0947438478},"val_jacard":{"0":0.0132891154,"1":0.0140094291,"2":0.0141325835,"3":0.0140284337,"4":0.0138238752,"5":0.0137049882,"6":0.0138422651,"7":0.0138155269,"8":0.0132314228,"9":0.0128993718},"val_accuracy":{"0":0.7459603548,"1":0.759766221,"2":0.7781408429,"3":0.8308102489,"4":0.8580715656,"5":0.8857119083,"6":0.8906627893,"7":0.8794741631,"8":0.9153434634,"9":0.9278380275},"lr":{"0":0.00001,"1":0.00001,"2":0.00001,"3":0.00001,"4":0.00001,"5":0.00001,"6":0.00001,"7":0.000003,"8":0.000003,"9":0.000003}}